-- phpMyAdmin SQL Dump
-- version 4.9.7
-- https://www.phpmyadmin.net/
--
-- Host: localhost
-- Waktu pembuatan: 11 Bulan Mei 2021 pada 22.38
-- Versi server: 10.1.36-MariaDB
-- Versi PHP: 5.6.38

SET SQL_MODE = "NO_AUTO_VALUE_ON_ZERO";
SET AUTOCOMMIT = 0;
START TRANSACTION;
SET time_zone = "+00:00";


/*!40101 SET @OLD_CHARACTER_SET_CLIENT=@@CHARACTER_SET_CLIENT */;
/*!40101 SET @OLD_CHARACTER_SET_RESULTS=@@CHARACTER_SET_RESULTS */;
/*!40101 SET @OLD_COLLATION_CONNECTION=@@COLLATION_CONNECTION */;
/*!40101 SET NAMES utf8mb4 */;

--
-- Database: `wadesktop`
--

-- --------------------------------------------------------

--
-- Struktur dari tabel `create`
--

CREATE TABLE `create` (
  `id` int(11) NOT NULL,
  `name` varchar(30) NOT NULL,
  `slug` varchar(150) NOT NULL,
  `kategori` varchar(30) NOT NULL,
  `quotes` text NOT NULL,
  `description` text NOT NULL,
  `isi` text NOT NULL,
  `creator` varchar(30) NOT NULL,
  `date` datetime NOT NULL DEFAULT CURRENT_TIMESTAMP ON UPDATE CURRENT_TIMESTAMP,
  `status` int(11) NOT NULL
) ENGINE=InnoDB DEFAULT CHARSET=latin1;

--
-- Dumping data untuk tabel `create`
--

INSERT INTO `create` (`id`, `name`, `slug`, `kategori`, `quotes`, `description`, `isi`, `creator`, `date`, `status`) VALUES
(28, 'I Am a Programmer', 'i-am-a-programmer.html', 'About me', '<strong>REMEMBER:</strong>&nbsp;Code teaches you how to face really big problems.', 'Hi, My name is Carollous Dachi. Im a programmer since 2015 ago. Since childhood I was raised from a well-off family and an educated family. So, since I was 10 years old I already had a computer that was connected to the internet.', 'Since childhood I was raised from a well-off family and an educated family. So, since I was 10 years old I already had a computer that was connected to the internet. I learned a lot of things, but theSince childhood I was raised from a well-off family and an educated family. So, since I\r\n\r\nYes, of course there are many victims I have hacked. Yes, increasing age. Begin building a sense of fondness with computers and technology to the point of choosing lectures. Long story short, now I have worked as a programmer at Bina Bakti. Hopefully in the future, I can become a better programmer.', 'carollousdc', '2020-08-02 21:53:12', 0),
(30, 'Ngoding Capek Gak Sih ?', 'ngoding-capek-gak-sih.html', 'Story', 'Kalau seseorang tidak merasakan capek, berarti dia sedang tidak memperjuangkan apapun di hidupnya.', 'Kalau seseorang tidak merasakan capek, berarti dia sedang tidak memperjuangkan apapun di hidupnya.', '<div class=\"content-wrap content-660 center-relative \">\r\n                    <p class=\"wrap-blockquote\">Halo teman-teman, senang sekali bisa bercerita dengan kalian semua. Pembahasan kali ini,&nbsp;ngoding capek gak sih ?&nbsp;Ngapain sih milih kerja yang ribet-ribet. Toh digaji sebatas karyawan.&nbsp;Ya, memang betul. Makanya gak sedikit orang yang awalnya memilih pekerjaan.&nbsp;</p>\r\n                    <br>\r\n                    <blockquote class=\"inline-blockquote\">\r\n                        <p>Kalau seseorang tidak merasakan capek, berarti dia sedang tidak memperjuangkan apapun di hidupnya.</p>\r\n                    </blockquote>\r\n<p class=\"wrap-blockquote\">IT pindah menjadi seorang pembisnis atau pekerjaan lainnya yang tidak berhubungan dengan IT. Sebenarnya, ngoding itu sangat menyenangkan. Karena, disitulah kita menuangkan semua karya dan imajinasi kita ke dalam suatu program. Tidak cukup sampai disitu, Anda dapat membangun sebuah sistem seperti apa yang Anda mau. Teknologi itu luas, emang bisa mengejarnya? Tentu saja jawabannya tidak. Tapi, Anda bisa mengikutinya. Jika, Anda komitmen belajar dalam waktu satu tahun. Bayangkan Anda sudah berada di level mana ? Jika 5 tahun atau bahkan 10 tahun kemudian ? Bisa jadi Anda telah mengubah dunia dan berdampak positif bagi dunia.</p>\r\n                </div>', 'carollousdc', '2020-08-11 00:01:36', 0);

-- --------------------------------------------------------

--
-- Struktur dari tabel `dashboard`
--

CREATE TABLE `dashboard` (
  `id` varchar(30) NOT NULL,
  `name` varchar(150) NOT NULL,
  `short_name` varchar(50) NOT NULL,
  `email` varchar(100) NOT NULL,
  `phone_number` varchar(30) NOT NULL,
  `whatsapp` varchar(30) NOT NULL,
  `location` text NOT NULL,
  `instagram` varchar(150) NOT NULL,
  `facebook` varchar(150) NOT NULL,
  `youtube` varchar(150) NOT NULL,
  `logo` varchar(250) NOT NULL,
  `status` int(11) NOT NULL,
  `create_date` datetime NOT NULL DEFAULT CURRENT_TIMESTAMP ON UPDATE CURRENT_TIMESTAMP,
  `creator` varchar(30) NOT NULL
) ENGINE=InnoDB DEFAULT CHARSET=latin1;

--
-- Dumping data untuk tabel `dashboard`
--

INSERT INTO `dashboard` (`id`, `name`, `short_name`, `email`, `phone_number`, `whatsapp`, `location`, `instagram`, `facebook`, `youtube`, `logo`, `status`, `create_date`, `creator`) VALUES
('BB1', 'Whatsapp API', 'Engine', '-', '081377457800', '081377457800', 'Jl. Karo No. 20 Belawan', '', '', '', 'whatsapp_api.png', 0, '2021-04-19 14:55:45', '');

-- --------------------------------------------------------

--
-- Struktur dari tabel `kirim`
--

CREATE TABLE `kirim` (
  `id` int(11) NOT NULL,
  `name` text NOT NULL,
  `kontak` varchar(100) NOT NULL,
  `create_date` datetime NOT NULL DEFAULT CURRENT_TIMESTAMP ON UPDATE CURRENT_TIMESTAMP,
  `creator` varchar(30) NOT NULL,
  `status` int(11) NOT NULL
) ENGINE=InnoDB DEFAULT CHARSET=latin1;

--
-- Dumping data untuk tabel `kirim`
--

INSERT INTO `kirim` (`id`, `name`, `kontak`, `create_date`, `creator`, `status`) VALUES
(6, 'Halo kakak, selamat datang di judi online. ', '1', '2021-04-12 18:34:00', '', 0),
(36, 'tes', '7', '2021-04-16 20:24:46', '', 0),
(37, 'hgfffjfv gfhg hg rt rufyt jfvgj s vhgfffjfv gfhg hg rt rufyt jfvgj shgfffjfv gfhg hg rt rufyt jfvgj shgfffjfv gfhg hg rt rufyt jfvgj shgfffjfv gfhg hg rt rufyt jfvgj shgfffjfv gfhg hg rt rufyt jfvgj shgfffjfv gfhg hg rt rufyt jfvgj shgfffjfv gfhg hg rt rufyt jfvgj shgfffjfv gfhg hg rt rufyt jfvgj shgfffjfv gfhg hg rt rufyt jfvgj s', '12', '2021-04-17 18:44:02', '', 0),
(38, 'Gik Beli rokok napa genk ? Kalau bisa minuman dingin.', '12', '2021-04-17 19:09:13', '', 0),
(39, 'Brenk tolong belikan dlu wanita satu yang sexy.', '12', '2021-04-17 19:33:56', '', 0),
(40, 'Sak gimana cerita, aku tadi keluar.', '7', '2021-04-17 19:34:15', '', 0),
(43, 'CB5x7. CBx4.9. 5544.9.544.2.51.10.451.5', '16', '2021-04-24 23:39:32', '', 0),
(44, 'Tes', '18', '2021-04-25 04:14:13', '', 0),
(45, 'Lagi apa cs ?', '17', '2021-04-26 18:46:57', '', 0),
(46, 'sdasd', '18', '2021-05-03 01:17:03', '', 0),
(47, 'http://34cc9704288a.ngrok.io/', '18', '2021-05-03 01:17:59', '', 0),
(48, 'http://34cc9704288a.ngrok.io/', '3', '2021-05-03 01:18:33', '', 0);

-- --------------------------------------------------------

--
-- Struktur dari tabel `kontak`
--

CREATE TABLE `kontak` (
  `id` int(11) NOT NULL,
  `name` varchar(100) NOT NULL,
  `phone` varchar(50) NOT NULL,
  `persen2a` int(11) NOT NULL,
  `persen3a` int(11) NOT NULL,
  `persen4a` int(11) NOT NULL,
  `hd2a` int(11) NOT NULL,
  `hd3a` int(11) NOT NULL,
  `hd4a` int(11) NOT NULL,
  `hd_a2` varchar(10) NOT NULL,
  `hd_a3` varchar(10) NOT NULL,
  `hd_a4` varchar(10) NOT NULL,
  `h2_s2` varchar(10) NOT NULL,
  `h2_s3` varchar(10) NOT NULL,
  `persencb` varchar(10) NOT NULL,
  `hdcb1` varchar(10) NOT NULL,
  `hdcb2` varchar(10) NOT NULL,
  `hdcb3` varchar(10) NOT NULL,
  `hdcb4` varchar(10) NOT NULL,
  `persencp` varchar(10) NOT NULL,
  `hdcp1` varchar(10) NOT NULL,
  `hdcp2` varchar(10) NOT NULL,
  `hdcp3` varchar(10) NOT NULL,
  `persencn` varchar(10) NOT NULL,
  `hdcn1` varchar(10) NOT NULL,
  `hdcn2` varchar(10) NOT NULL,
  `persenck` varchar(10) NOT NULL,
  `hdck` varchar(10) NOT NULL,
  `persence` varchar(10) NOT NULL,
  `hdce` varchar(10) NOT NULL,
  `persensh` varchar(10) NOT NULL,
  `hdsh` varchar(10) NOT NULL,
  `create_date` datetime NOT NULL DEFAULT CURRENT_TIMESTAMP ON UPDATE CURRENT_TIMESTAMP,
  `creator` varchar(30) NOT NULL,
  `status` int(11) NOT NULL
) ENGINE=InnoDB DEFAULT CHARSET=latin1;

--
-- Dumping data untuk tabel `kontak`
--

INSERT INTO `kontak` (`id`, `name`, `phone`, `persen2a`, `persen3a`, `persen4a`, `hd2a`, `hd3a`, `hd4a`, `hd_a2`, `hd_a3`, `hd_a4`, `h2_s2`, `h2_s3`, `persencb`, `hdcb1`, `hdcb2`, `hdcb3`, `hdcb4`, `persencp`, `hdcp1`, `hdcp2`, `hdcp3`, `persencn`, `hdcn1`, `hdcn2`, `persenck`, `hdck`, `persence`, `hdce`, `persensh`, `hdsh`, `create_date`, `creator`, `status`) VALUES
(1, 'M Yoggi Fernando', '6288262881388', 12, 55, 0, 67, 45, 94, '', '', '', '', '', '', '', '', '', '', '', '', '', '', '', '', '', '', '', '', '', '', '', '2021-04-09 09:30:55', '', 0),
(2, 'Carollous Dachi', '6281377457800', 28, 28, 28, 70, 500, 5000, '213213', '123213', '32', '123', '23', '28', '2.5', '4', '5.5', '7', '0', '7', '10', '13', '0', '19', '19', '0', '8', '0', '8', '0', '0', '2021-04-25 18:38:58', 'carollousdc', 0),
(3, 'Yoga Pratama', '6289607864737', 64, 44, 0, 46, 76, 66, '', '', '', '', '', '', '', '', '', '', '', '', '', '', '', '', '', '', '', '', '', '', '', '2021-04-09 15:10:10', '', 0),
(7, 'Isak', '6281258642409', 2, 2, 2, 2, 2, 2, '2', '2', '232', '52', '56', '', '', '', '', '', '', '', '', '', '', '', '', '', '', '', '', '', '', '2021-04-16 20:24:21', 'carollousdc', 0),
(8, 'Dirga Putra Dachi', '6282161155300', 0, 0, 0, 0, 0, 0, '', '', '', '', '', '', '', '', '', '', '', '', '', '', '', '', '', '', '', '', '', '', '', '2021-04-16 22:31:21', 'carollousdc', 0),
(10, 'Heru Hardiansyah', '6288807728607', 0, 0, 0, 0, 0, 0, '', '', '', '', '', '', '', '', '', '', '', '', '', '', '', '', '', '', '', '', '', '', '', '2021-04-16 23:40:26', 'carollousdc', 0),
(13, 'Ibu Sri', '6289653739490', 0, 0, 0, 0, 0, 0, '', '', '', '', '', '', '', '', '', '', '', '', '', '', '', '', '', '', '', '', '', '', '', '2021-04-19 13:28:33', 'carollousdc', 0),
(14, 'Richan Hutabarat', '6281284097989', 28, 28, 28, 70, 500, 3000, '', '', '', '', '', '0', '2.5', '4', '5.5', '7', '0', '7', '10', '13', '', '', '', '', '', '', '', '', '', '2021-04-19 18:55:03', 'carollousdc', 0),
(15, 'Yoggi Simpati', '6282274376128', 28, 28, 28, 70, 500, 3000, '', '', '', '', '', '22', '22', '22', '22', '2', '0', '2', '2', '2', '0', '2', '22', '0', '8', '0', '5', '0', '0', '2021-04-19 19:04:57', 'carollousdc', 0),
(17, 'Roda Hafiz', '6281398172301', 28, 28, 28, 70, 500, 3000, '', '', '', '', '', '', '', '', '', '', '', '', '', '', '', '', '', '', '', '', '', '', '', '2021-04-25 02:53:57', 'carollousdc', 0),
(18, 'Raditya', '6285156297323', 28, 28, 28, 70, 500, 3000, '', '', '', '', '', '', '', '', '', '', '', '', '', '', '', '', '', '', '', '', '', '', '', '2021-04-25 06:54:34', 'carollousdc', 0),
(19, 'adas', 'd2312321321321', 0, 0, 0, 0, 0, 0, '', '', '', '', '', '', '', '', '', '', '', '', '', '', '', '', '', '', '', '', '', '', '', '2021-05-03 23:20:09', 'carollousdc', 0);

-- --------------------------------------------------------

--
-- Struktur dari tabel `navigation`
--

CREATE TABLE `navigation` (
  `id` int(11) NOT NULL,
  `name` varchar(50) NOT NULL,
  `link` varchar(50) NOT NULL,
  `second_id` varchar(30) NOT NULL,
  `tipe` varchar(30) NOT NULL,
  `root` int(11) NOT NULL,
  `urutan` int(11) NOT NULL,
  `icon` varchar(50) NOT NULL,
  `creator` varchar(30) NOT NULL,
  `create` datetime NOT NULL DEFAULT CURRENT_TIMESTAMP ON UPDATE CURRENT_TIMESTAMP,
  `status` int(11) NOT NULL
) ENGINE=InnoDB DEFAULT CHARSET=latin1;

--
-- Dumping data untuk tabel `navigation`
--

INSERT INTO `navigation` (`id`, `name`, `link`, `second_id`, `tipe`, `root`, `urutan`, `icon`, `creator`, `create`, `status`) VALUES
(1, 'Master Menu', '', 'mastermenu', '0', 0, 1, 'nav-icon fas fa-tachometer-alt', 'carollousdc', '2021-01-28 06:21:34', 0),
(3, 'User', 'user', 'user', '1', 29, 3, 'far fa-circle nav-icon', 'carollousdc', '2021-01-28 06:21:34', 0),
(6, 'Settings', '', 'settings', '0', 0, 6, 'fas fa-cog nav-icon', 'carollousdc', '2021-05-06 10:14:03', 0),
(7, 'Menu Navigation', 'navigation', 'navigation', '1', 6, 7, 'far fa-circle nav-icon', 'carollousdc', '2021-05-06 10:14:03', 0),
(11, 'Documentation', 'documentation', 'documentation', '2', 0, 9, 'nav-icon fas fa-file', 'carollousdc', '2021-01-28 06:21:34', 0),
(12, 'Logout', 'logout', 'logout', '2', 0, 12, 'nav-icon fas fa-sign-out-alt', 'carollousdc', '2021-01-28 06:21:34', 0),
(29, 'Master SDM', '', 'mastersdm', '0', 0, 0, 'fas fa-users nav-icon', 'carollousdc', '2021-05-06 10:14:03', 0),
(43, 'Role', 'role', 'role', '1', 29, 0, 'far fa-circle nav-icon', 'carollousdc', '2021-05-06 10:14:03', 0),
(44, 'Permission', 'permission', 'permission', '1', 6, 0, 'far fa-circle nav-icon', 'carollousdc', '2021-05-06 10:14:03', 0),
(49, 'Pesan Masuk', 'pesan', 'pesan', '1', 1, 1, 'fas fa-envelope nav-icon', 'carollousdc', '2021-05-07 00:48:57', 0),
(50, 'Kirim', 'kirim', 'kirim', '1', 1, 4, 'nav-icon fas fa-share', 'carollousdc', '2021-05-06 12:08:16', 0),
(51, 'Kontak', 'kontak', 'kontak', '1', 29, 0, 'far fa-circle nav-icon', 'carollousdc', '2021-05-06 10:14:03', 0),
(52, 'Omset', 'omset', 'omset', '1', 1, 5, 'nav-icon fas fa-tag', 'carollousdc', '2021-05-06 12:11:58', 0),
(53, 'Laporan', 'laporan', 'laporan', '1', 1, 8, 'nav-icon fas fa-file-download', 'carollousdc', '2021-05-06 12:13:07', 0),
(54, 'Kesimpulan', 'kesimpulan', 'kesimpulan', '1', 1, 7, 'nav-icon fab fa-gratipay', 'carollousdc', '2021-05-06 12:12:59', 0),
(55, 'Result', 'result', 'result', '1', 1, 6, 'nav-icon fas fa-search', 'carollousdc', '2021-05-06 12:12:42', 0),
(56, 'Pesan Asli', 'pesan_asli', 'pesan_asli', '1', 1, 2, 'fas fa-envelope nav-icon', 'carollousdc', '2021-05-06 12:07:39', 0),
(57, 'Input', 'input', 'input', '1', 1, 3, 'nav-icon fas fa-share', 'carollousdc', '2021-05-06 12:08:08', 0);

-- --------------------------------------------------------

--
-- Struktur dari tabel `omset`
--

CREATE TABLE `omset` (
  `id` varchar(30) NOT NULL,
  `keypesan` varchar(30) NOT NULL,
  `name` text NOT NULL,
  `id_whatsapp` varchar(30) NOT NULL,
  `omset4d` varchar(10) NOT NULL,
  `omsetformat` varchar(10) NOT NULL,
  `date` date NOT NULL,
  `create_date` datetime NOT NULL DEFAULT CURRENT_TIMESTAMP ON UPDATE CURRENT_TIMESTAMP,
  `status` int(11) NOT NULL,
  `creator` varchar(30) NOT NULL
) ENGINE=InnoDB DEFAULT CHARSET=latin1;

--
-- Dumping data untuk tabel `omset`
--

INSERT INTO `omset` (`id`, `keypesan`, `name`, `id_whatsapp`, `omset4d`, `omsetformat`, `date`, `create_date`, `status`, `creator`) VALUES
('OM2021050700001', '628826288138800001', '96x10. 39x10. 98x10. 07.70.90.09.30.03.26.61x3. 72.67.68x3. 51.62.87.83.38.51.15.33.53.60.80x2.61.63.86.58.78.75.57x2. 57x20.37x20.27.71.98x10.88.38x5.53x10. ', '6281377457800', '670', '0', '0000-00-00', '2021-05-07 05:38:43', 0, 'carollousdc'),
('OM2021050700002', '628137745780000001', '98x10.48.46x10.25x10.13.19x3.68x2.58x35. 1803x2.803x3.03x5. 0318x2.318x3.18x5. 33.34.32.43x3. 23.01.10x2.63x4. 16x3.', '6281377457800', '1500', '0', '0000-00-00', '2021-05-07 06:21:16', 0, 'carollousdc'),
('OM2021050700003', '628960786473700001', '12.71.x3.87.x2.50.05.78.578.x3.3578.793.93.712.25.x2. 97.x2.357.035.370.514.021.x2.57.35.70.14.21.x3. 034x2.34x2.2581x3.581x3.81x4.817x2.17x2.14x2.81x2.87x2.30x3.31x3.61x3.81x3.44x3.84x2.39x2.32x3.144x2.031x2.161x2.481x2.350x2.50x2.229x2.29x2.19x2.77x2.34x2.', '6281377457800', '198', '0', '0000-00-00', '2021-05-07 06:22:20', 0, 'carollousdc'),
('OM2021050700004', '628137745780000002', '12.71.x3.87.x2.50.05.78.578.x3.3578.793.93.712.25.x2. 97.x2.357.035.370.514.021.x2.57.35.70.14.21.x3. 034x2.34x2.2581x3.581x3.81x4.817x2.17x2.14x2.81x2.87x2.30x3.31x3.61x3.81x3.44x3.84x2.39x2.32x3.144x2.031x2.161x2.481x2.350x2.50x2.229x2.29x2.19x2.77x2.34x2.', '6281377457800', '15000', '0', '0000-00-00', '2021-05-07 11:13:21', 0, 'carollousdc'),
('OM2021051100001', '628826288138800002', 'CB5x4. cb2x5. 71.04.92.35.26x2,.62.72.52.05.89x6,.20.53.35.02.20.18.81.21.627x2,.27x3,.12x8,.98.48x5,.\r\n3789.789x5..89..98..85..58..29..92..25..52x10..80x15.08x5.08x5.80x5.', '6281377457800', '6566', '4', '0000-00-00', '2021-05-12 02:48:37', 0, 'carollousdc'),
('OM2021051100002', '628826288138800003', '12.71.x3.87.x2.50.05.78.578.x3.3578.793.93.712.25.x2.', '6281377457800', '188', '0', '0000-00-00', '2021-05-12 02:49:32', 0, 'carollousdc'),
('OM2021051100003', '628826288138800004', '97.x2.357.035.370.514.021.x2.57.35.70.14.21.x3.', '6281377457800', '90', '0', '0000-00-00', '2021-05-12 02:49:54', 0, 'carollousdc'),
('OM2021051100004', '628826288138800005', '034x2.34x2.2581x3.581x3.81x4.817x2.17x2.14x2.81x2.87x2.30x3.31x3.61x3.81x3.44x3.84x2.39x2.32x3.144x2.031x2.161x2.481x2.350x2.50x2.229x2.29x2.19x2.77x2.34x2.', '6281377457800', '282', '0', '0000-00-00', '2021-05-12 02:50:02', 0, 'carollousdc'),
('OM2021051100005', '628826288138800006', '145x3..45x5.41.751.51.25.26.85.87.02.08.80.61x2..20x4..81.83.84.85.08.87.98.89x5..2207.207.07x2..261x5..61x8..08x3..89x2..23x4..1038x2..038x3..35x5..87x11. ', '6281377457800', '188', '0', '0000-00-00', '2021-05-12 02:50:14', 0, 'carollousdc'),
('OM2021051100006', '628137745780000003', '145x3..45x5.41.751.51.25.26.85.87.02.08.80.61x2..20x4..81.83.84.85.08.87.98.89x5..2207.207.07x2..261x5..61x8..08x3..89x2..23x4..1038x2..038x3..35x5..87x11.', '6281377457800', '10000', '0', '0000-00-00', '2021-05-12 02:50:54', 0, 'carollousdc');

-- --------------------------------------------------------

--
-- Struktur dari tabel `omset_detail`
--

CREATE TABLE `omset_detail` (
  `id` varchar(30) NOT NULL,
  `keypesan` varchar(30) NOT NULL,
  `kontak` varchar(30) NOT NULL,
  `angka` varchar(10) NOT NULL,
  `hasil` varchar(10) NOT NULL,
  `format` varchar(10) NOT NULL,
  `status` int(11) NOT NULL,
  `create_date` datetime NOT NULL DEFAULT CURRENT_TIMESTAMP ON UPDATE CURRENT_TIMESTAMP,
  `creator` int(11) NOT NULL
) ENGINE=InnoDB DEFAULT CHARSET=latin1;

--
-- Dumping data untuk tabel `omset_detail`
--

INSERT INTO `omset_detail` (`id`, `keypesan`, `kontak`, `angka`, `hasil`, `format`, `status`, `create_date`, `creator`) VALUES
('OM2021050700001', '628826288138800001', '6288262881388', '96', '10', '2D', 0, '2021-05-12 03:09:42', 0),
('OM2021050700001', '628826288138800001', '6288262881388', '39', '10', '2D', 0, '2021-05-12 03:09:42', 0),
('OM2021050700001', '628826288138800001', '6288262881388', '98', '10', '2D', 0, '2021-05-12 03:09:42', 0),
('OM2021050700001', '628826288138800001', '6288262881388', '07', '3', '2D', 0, '2021-05-12 03:09:42', 0),
('OM2021050700001', '628826288138800001', '6288262881388', '70', '3', '2D', 0, '2021-05-12 03:09:42', 0),
('OM2021050700001', '628826288138800001', '6288262881388', '90', '3', '2D', 0, '2021-05-12 03:09:42', 0),
('OM2021050700001', '628826288138800001', '6288262881388', '09', '3', '2D', 0, '2021-05-12 03:09:42', 0),
('OM2021050700001', '628826288138800001', '6288262881388', '30', '3', '2D', 0, '2021-05-12 03:09:42', 0),
('OM2021050700001', '628826288138800001', '6288262881388', '03', '3', '2D', 0, '2021-05-12 03:09:42', 0),
('OM2021050700001', '628826288138800001', '6288262881388', '26', '3', '2D', 0, '2021-05-12 03:09:42', 0),
('OM2021050700001', '628826288138800001', '6288262881388', '61', '3', '2D', 0, '2021-05-12 03:09:42', 0),
('OM2021050700001', '628826288138800001', '6288262881388', '72', '3', '2D', 0, '2021-05-12 03:09:42', 0),
('OM2021050700001', '628826288138800001', '6288262881388', '67', '3', '2D', 0, '2021-05-12 03:09:42', 0),
('OM2021050700001', '628826288138800001', '6288262881388', '68', '3', '2D', 0, '2021-05-12 03:09:42', 0),
('OM2021050700001', '628826288138800001', '6288262881388', '51', '2', '2D', 0, '2021-05-12 03:09:42', 0),
('OM2021050700001', '628826288138800001', '6288262881388', '62', '2', '2D', 0, '2021-05-12 03:09:42', 0),
('OM2021050700001', '628826288138800001', '6288262881388', '87', '2', '2D', 0, '2021-05-12 03:09:42', 0),
('OM2021050700001', '628826288138800001', '6288262881388', '83', '2', '2D', 0, '2021-05-12 03:09:42', 0),
('OM2021050700001', '628826288138800001', '6288262881388', '38', '2', '2D', 0, '2021-05-12 03:09:42', 0),
('OM2021050700001', '628826288138800001', '6288262881388', '51', '2', '2D', 0, '2021-05-12 03:09:42', 0),
('OM2021050700001', '628826288138800001', '6288262881388', '15', '2', '2D', 0, '2021-05-12 03:09:42', 0),
('OM2021050700001', '628826288138800001', '6288262881388', '33', '2', '2D', 0, '2021-05-12 03:09:42', 0),
('OM2021050700001', '628826288138800001', '6288262881388', '53', '2', '2D', 0, '2021-05-12 03:09:42', 0),
('OM2021050700001', '628826288138800001', '6288262881388', '60', '2', '2D', 0, '2021-05-12 03:09:42', 0),
('OM2021050700001', '628826288138800001', '6288262881388', '80', '2', '2D', 0, '2021-05-12 03:09:42', 0),
('OM2021050700001', '628826288138800001', '6288262881388', '61', '2', '2D', 0, '2021-05-12 03:09:42', 0),
('OM2021050700001', '628826288138800001', '6288262881388', '63', '2', '2D', 0, '2021-05-12 03:09:42', 0),
('OM2021050700001', '628826288138800001', '6288262881388', '86', '2', '2D', 0, '2021-05-12 03:09:42', 0),
('OM2021050700001', '628826288138800001', '6288262881388', '58', '2', '2D', 0, '2021-05-12 03:09:42', 0),
('OM2021050700001', '628826288138800001', '6288262881388', '78', '2', '2D', 0, '2021-05-12 03:09:42', 0),
('OM2021050700001', '628826288138800001', '6288262881388', '75', '2', '2D', 0, '2021-05-12 03:09:42', 0),
('OM2021050700001', '628826288138800001', '6288262881388', '57', '2', '2D', 0, '2021-05-12 03:09:42', 0),
('OM2021050700001', '628826288138800001', '6288262881388', '57', '20', '2D', 0, '2021-05-12 03:09:42', 0),
('OM2021050700001', '628826288138800001', '6288262881388', '37', '20', '2D', 0, '2021-05-12 03:09:42', 0),
('OM2021050700001', '628826288138800001', '6288262881388', '27', '10', '2D', 0, '2021-05-12 03:09:42', 0),
('OM2021050700001', '628826288138800001', '6288262881388', '71', '10', '2D', 0, '2021-05-12 03:09:42', 0),
('OM2021050700001', '628826288138800001', '6288262881388', '98', '10', '2D', 0, '2021-05-12 03:09:42', 0),
('OM2021050700001', '628826288138800001', '6288262881388', '88', '5', '2D', 0, '2021-05-12 03:09:42', 0),
('OM2021050700001', '628826288138800001', '6288262881388', '38', '5', '2D', 0, '2021-05-12 03:09:42', 0),
('OM2021050700001', '628826288138800001', '6288262881388', '53', '10', '2D', 0, '2021-05-12 03:09:42', 0),
('OM2021050700002', '628137745780000001', '6281377457800', '98', '10', '2D', 0, '2021-05-12 03:09:42', 0),
('OM2021050700002', '628137745780000001', '6281377457800', '48', '10', '2D', 0, '2021-05-12 03:09:42', 0),
('OM2021050700002', '628137745780000001', '6281377457800', '46', '10', '2D', 0, '2021-05-12 03:09:42', 0),
('OM2021050700002', '628137745780000001', '6281377457800', '25', '10', '2D', 0, '2021-05-12 03:09:42', 0),
('OM2021050700002', '628137745780000001', '6281377457800', '13', '3', '2D', 0, '2021-05-12 03:09:42', 0),
('OM2021050700002', '628137745780000001', '6281377457800', '19', '3', '2D', 0, '2021-05-12 03:09:42', 0),
('OM2021050700002', '628137745780000001', '6281377457800', '68', '2', '2D', 0, '2021-05-12 03:09:42', 0),
('OM2021050700002', '628137745780000001', '6281377457800', '58', '35', '2D', 0, '2021-05-12 03:09:42', 0),
('OM2021050700002', '628137745780000001', '6281377457800', '03', '5', '2D', 0, '2021-05-12 03:09:42', 0),
('OM2021050700002', '628137745780000001', '6281377457800', '18', '5', '2D', 0, '2021-05-12 03:09:42', 0),
('OM2021050700002', '628137745780000001', '6281377457800', '33', '3', '2D', 0, '2021-05-12 03:09:42', 0),
('OM2021050700002', '628137745780000001', '6281377457800', '34', '3', '2D', 0, '2021-05-12 03:09:42', 0),
('OM2021050700002', '628137745780000001', '6281377457800', '32', '3', '2D', 0, '2021-05-12 03:09:42', 0),
('OM2021050700002', '628137745780000001', '6281377457800', '43', '3', '2D', 0, '2021-05-12 03:09:42', 0),
('OM2021050700002', '628137745780000001', '6281377457800', '23', '2', '2D', 0, '2021-05-12 03:09:42', 0),
('OM2021050700002', '628137745780000001', '6281377457800', '01', '2', '2D', 0, '2021-05-12 03:09:42', 0),
('OM2021050700002', '628137745780000001', '6281377457800', '10', '2', '2D', 0, '2021-05-12 03:09:42', 0),
('OM2021050700002', '628137745780000001', '6281377457800', '63', '4', '2D', 0, '2021-05-12 03:09:42', 0),
('OM2021050700002', '628137745780000001', '6281377457800', '16', '3', '2D', 0, '2021-05-12 03:09:42', 0),
('OM2021050700002', '628137745780000001', '6281377457800', '1803', '2', '4D', 0, '2021-05-12 03:10:46', 0),
('OM2021050700002', '628137745780000001', '6281377457800', '0318', '2', '4D', 0, '2021-05-12 03:10:46', 0),
('OM2021050700002', '628137745780000001', '6281377457800', '803', '3', '3D', 0, '2021-05-12 03:10:45', 0),
('OM2021050700002', '628137745780000001', '6281377457800', '318', '3', '3D', 0, '2021-05-12 03:10:45', 0),
('OM2021050700003', '628960786473700001', '6289607864737', '12', '3', '2D', 0, '2021-05-12 03:09:42', 0),
('OM2021050700003', '628960786473700001', '6289607864737', '71', '3', '2D', 0, '2021-05-12 03:09:42', 0),
('OM2021050700003', '628960786473700001', '6289607864737', '87', '2', '2D', 0, '2021-05-12 03:09:42', 0),
('OM2021050700003', '628960786473700001', '6289607864737', '50', '3', '2D', 0, '2021-05-12 03:09:42', 0),
('OM2021050700003', '628960786473700001', '6289607864737', '05', '3', '2D', 0, '2021-05-12 03:09:42', 0),
('OM2021050700003', '628960786473700001', '6289607864737', '78', '3', '2D', 0, '2021-05-12 03:09:42', 0),
('OM2021050700003', '628960786473700001', '6289607864737', '93', '2', '2D', 0, '2021-05-12 03:09:42', 0),
('OM2021050700003', '628960786473700001', '6289607864737', '25', '2', '2D', 0, '2021-05-12 03:09:42', 0),
('OM2021050700003', '628960786473700001', '6289607864737', '97', '2', '2D', 0, '2021-05-12 03:09:42', 0),
('OM2021050700003', '628960786473700001', '6289607864737', '57', '3', '2D', 0, '2021-05-12 03:09:42', 0),
('OM2021050700003', '628960786473700001', '6289607864737', '35', '3', '2D', 0, '2021-05-12 03:09:42', 0),
('OM2021050700003', '628960786473700001', '6289607864737', '70', '3', '2D', 0, '2021-05-12 03:09:42', 0),
('OM2021050700003', '628960786473700001', '6289607864737', '14', '3', '2D', 0, '2021-05-12 03:09:42', 0),
('OM2021050700003', '628960786473700001', '6289607864737', '21', '3', '2D', 0, '2021-05-12 03:09:42', 0),
('OM2021050700003', '628960786473700001', '6289607864737', '34', '2', '2D', 0, '2021-05-12 03:09:42', 0),
('OM2021050700003', '628960786473700001', '6289607864737', '81', '4', '2D', 0, '2021-05-12 03:09:42', 0),
('OM2021050700003', '628960786473700001', '6289607864737', '17', '2', '2D', 0, '2021-05-12 03:09:42', 0),
('OM2021050700003', '628960786473700001', '6289607864737', '14', '2', '2D', 0, '2021-05-12 03:09:42', 0),
('OM2021050700003', '628960786473700001', '6289607864737', '81', '2', '2D', 0, '2021-05-12 03:09:42', 0),
('OM2021050700003', '628960786473700001', '6289607864737', '87', '2', '2D', 0, '2021-05-12 03:09:42', 0),
('OM2021050700003', '628960786473700001', '6289607864737', '30', '3', '2D', 0, '2021-05-12 03:09:42', 0),
('OM2021050700003', '628960786473700001', '6289607864737', '31', '3', '2D', 0, '2021-05-12 03:09:42', 0),
('OM2021050700003', '628960786473700001', '6289607864737', '61', '3', '2D', 0, '2021-05-12 03:09:42', 0),
('OM2021050700003', '628960786473700001', '6289607864737', '81', '3', '2D', 0, '2021-05-12 03:09:42', 0),
('OM2021050700003', '628960786473700001', '6289607864737', '44', '3', '2D', 0, '2021-05-12 03:09:42', 0),
('OM2021050700003', '628960786473700001', '6289607864737', '84', '2', '2D', 0, '2021-05-12 03:09:42', 0),
('OM2021050700003', '628960786473700001', '6289607864737', '39', '2', '2D', 0, '2021-05-12 03:09:42', 0),
('OM2021050700003', '628960786473700001', '6289607864737', '32', '3', '2D', 0, '2021-05-12 03:09:42', 0),
('OM2021050700003', '628960786473700001', '6289607864737', '50', '2', '2D', 0, '2021-05-12 03:09:42', 0),
('OM2021050700003', '628960786473700001', '6289607864737', '29', '2', '2D', 0, '2021-05-12 03:09:42', 0),
('OM2021050700003', '628960786473700001', '6289607864737', '19', '2', '2D', 0, '2021-05-12 03:09:42', 0),
('OM2021050700003', '628960786473700001', '6289607864737', '77', '2', '2D', 0, '2021-05-12 03:09:42', 0),
('OM2021050700003', '628960786473700001', '6289607864737', '34', '2', '2D', 0, '2021-05-12 03:09:42', 0),
('OM2021050700003', '628960786473700001', '6289607864737', '578', '3', '3D', 0, '2021-05-12 03:10:45', 0),
('OM2021050700003', '628960786473700001', '6289607864737', '793', '2', '3D', 0, '2021-05-12 03:10:45', 0),
('OM2021050700003', '628960786473700001', '6289607864737', '712', '2', '3D', 0, '2021-05-12 03:10:45', 0),
('OM2021050700003', '628960786473700001', '6289607864737', '357', '2', '3D', 0, '2021-05-12 03:10:45', 0),
('OM2021050700003', '628960786473700001', '6289607864737', '035', '2', '3D', 0, '2021-05-12 03:10:45', 0),
('OM2021050700003', '628960786473700001', '6289607864737', '370', '2', '3D', 0, '2021-05-12 03:10:45', 0),
('OM2021050700003', '628960786473700001', '6289607864737', '514', '2', '3D', 0, '2021-05-12 03:10:45', 0),
('OM2021050700003', '628960786473700001', '6289607864737', '021', '2', '3D', 0, '2021-05-12 03:10:45', 0),
('OM2021050700003', '628960786473700001', '6289607864737', '034', '2', '3D', 0, '2021-05-12 03:10:45', 0),
('OM2021050700003', '628960786473700001', '6289607864737', '581', '3', '3D', 0, '2021-05-12 03:10:45', 0),
('OM2021050700003', '628960786473700001', '6289607864737', '817', '2', '3D', 0, '2021-05-12 03:10:45', 0),
('OM2021050700003', '628960786473700001', '6289607864737', '144', '2', '3D', 0, '2021-05-12 03:10:45', 0),
('OM2021050700003', '628960786473700001', '6289607864737', '031', '2', '3D', 0, '2021-05-12 03:10:45', 0),
('OM2021050700003', '628960786473700001', '6289607864737', '161', '2', '3D', 0, '2021-05-12 03:10:45', 0),
('OM2021050700003', '628960786473700001', '6289607864737', '481', '2', '3D', 0, '2021-05-12 03:10:45', 0),
('OM2021050700003', '628960786473700001', '6289607864737', '350', '2', '3D', 0, '2021-05-12 03:10:45', 0),
('OM2021050700003', '628960786473700001', '6289607864737', '229', '2', '3D', 0, '2021-05-12 03:10:45', 0),
('OM2021050700003', '628960786473700001', '6289607864737', '3578', '2', '4D', 0, '2021-05-12 03:10:46', 0),
('OM2021050700003', '628960786473700001', '6289607864737', '2581', '3', '4D', 0, '2021-05-12 03:10:46', 0),
('OM2021050700004', '628137745780000002', '6281377457800', '12', '3', '2D', 0, '2021-05-12 03:09:42', 0),
('OM2021050700004', '628137745780000002', '6281377457800', '71', '3', '2D', 0, '2021-05-12 03:09:42', 0),
('OM2021050700004', '628137745780000002', '6281377457800', '87', '2', '2D', 0, '2021-05-12 03:09:42', 0),
('OM2021050700004', '628137745780000002', '6281377457800', '50', '3', '2D', 0, '2021-05-12 03:09:42', 0),
('OM2021050700004', '628137745780000002', '6281377457800', '05', '3', '2D', 0, '2021-05-12 03:09:42', 0),
('OM2021050700004', '628137745780000002', '6281377457800', '78', '3', '2D', 0, '2021-05-12 03:09:42', 0),
('OM2021050700004', '628137745780000002', '6281377457800', '93', '2', '2D', 0, '2021-05-12 03:09:42', 0),
('OM2021050700004', '628137745780000002', '6281377457800', '25', '2', '2D', 0, '2021-05-12 03:09:42', 0),
('OM2021050700004', '628137745780000002', '6281377457800', '97', '2', '2D', 0, '2021-05-12 03:09:42', 0),
('OM2021050700004', '628137745780000002', '6281377457800', '57', '3', '2D', 0, '2021-05-12 03:09:42', 0),
('OM2021050700004', '628137745780000002', '6281377457800', '35', '3', '2D', 0, '2021-05-12 03:09:42', 0),
('OM2021050700004', '628137745780000002', '6281377457800', '70', '3', '2D', 0, '2021-05-12 03:09:42', 0),
('OM2021050700004', '628137745780000002', '6281377457800', '14', '3', '2D', 0, '2021-05-12 03:09:42', 0),
('OM2021050700004', '628137745780000002', '6281377457800', '21', '3', '2D', 0, '2021-05-12 03:09:42', 0),
('OM2021050700004', '628137745780000002', '6281377457800', '34', '2', '2D', 0, '2021-05-12 03:09:42', 0),
('OM2021050700004', '628137745780000002', '6281377457800', '81', '4', '2D', 0, '2021-05-12 03:09:42', 0),
('OM2021050700004', '628137745780000002', '6281377457800', '17', '2', '2D', 0, '2021-05-12 03:09:42', 0),
('OM2021050700004', '628137745780000002', '6281377457800', '14', '2', '2D', 0, '2021-05-12 03:09:42', 0),
('OM2021050700004', '628137745780000002', '6281377457800', '81', '2', '2D', 0, '2021-05-12 03:09:42', 0),
('OM2021050700004', '628137745780000002', '6281377457800', '87', '2', '2D', 0, '2021-05-12 03:09:42', 0),
('OM2021050700004', '628137745780000002', '6281377457800', '30', '3', '2D', 0, '2021-05-12 03:09:42', 0),
('OM2021050700004', '628137745780000002', '6281377457800', '31', '3', '2D', 0, '2021-05-12 03:09:42', 0),
('OM2021050700004', '628137745780000002', '6281377457800', '61', '3', '2D', 0, '2021-05-12 03:09:42', 0),
('OM2021050700004', '628137745780000002', '6281377457800', '81', '3', '2D', 0, '2021-05-12 03:09:42', 0),
('OM2021050700004', '628137745780000002', '6281377457800', '44', '3', '2D', 0, '2021-05-12 03:09:42', 0),
('OM2021050700004', '628137745780000002', '6281377457800', '84', '2', '2D', 0, '2021-05-12 03:09:42', 0),
('OM2021050700004', '628137745780000002', '6281377457800', '39', '2', '2D', 0, '2021-05-12 03:09:42', 0),
('OM2021050700004', '628137745780000002', '6281377457800', '32', '3', '2D', 0, '2021-05-12 03:09:42', 0),
('OM2021050700004', '628137745780000002', '6281377457800', '50', '2', '2D', 0, '2021-05-12 03:09:42', 0),
('OM2021050700004', '628137745780000002', '6281377457800', '29', '2', '2D', 0, '2021-05-12 03:09:42', 0),
('OM2021050700004', '628137745780000002', '6281377457800', '19', '2', '2D', 0, '2021-05-12 03:09:42', 0),
('OM2021050700004', '628137745780000002', '6281377457800', '77', '2', '2D', 0, '2021-05-12 03:09:42', 0),
('OM2021050700004', '628137745780000002', '6281377457800', '34', '2', '2D', 0, '2021-05-12 03:09:42', 0),
('OM2021050700004', '628137745780000002', '6281377457800', '578', '3', '3D', 0, '2021-05-12 03:10:45', 0),
('OM2021050700004', '628137745780000002', '6281377457800', '793', '2', '3D', 0, '2021-05-12 03:10:45', 0),
('OM2021050700004', '628137745780000002', '6281377457800', '712', '2', '3D', 0, '2021-05-12 03:10:45', 0),
('OM2021050700004', '628137745780000002', '6281377457800', '357', '2', '3D', 0, '2021-05-12 03:10:45', 0),
('OM2021050700004', '628137745780000002', '6281377457800', '035', '2', '3D', 0, '2021-05-12 03:10:45', 0),
('OM2021050700004', '628137745780000002', '6281377457800', '370', '2', '3D', 0, '2021-05-12 03:10:45', 0),
('OM2021050700004', '628137745780000002', '6281377457800', '514', '2', '3D', 0, '2021-05-12 03:10:45', 0),
('OM2021050700004', '628137745780000002', '6281377457800', '021', '2', '3D', 0, '2021-05-12 03:10:45', 0),
('OM2021050700004', '628137745780000002', '6281377457800', '034', '2', '3D', 0, '2021-05-12 03:10:45', 0),
('OM2021050700004', '628137745780000002', '6281377457800', '581', '3', '3D', 0, '2021-05-12 03:10:45', 0),
('OM2021050700004', '628137745780000002', '6281377457800', '817', '2', '3D', 0, '2021-05-12 03:10:45', 0),
('OM2021050700004', '628137745780000002', '6281377457800', '144', '2', '3D', 0, '2021-05-12 03:10:45', 0),
('OM2021050700004', '628137745780000002', '6281377457800', '031', '2', '3D', 0, '2021-05-12 03:10:45', 0),
('OM2021050700004', '628137745780000002', '6281377457800', '161', '2', '3D', 0, '2021-05-12 03:10:45', 0),
('OM2021050700004', '628137745780000002', '6281377457800', '481', '2', '3D', 0, '2021-05-12 03:10:45', 0),
('OM2021050700004', '628137745780000002', '6281377457800', '350', '2', '3D', 0, '2021-05-12 03:10:45', 0),
('OM2021050700004', '628137745780000002', '6281377457800', '229', '2', '3D', 0, '2021-05-12 03:10:45', 0),
('OM2021050700004', '628137745780000002', '6281377457800', '3578', '2', '4D', 0, '2021-05-12 03:10:46', 0),
('OM2021050700004', '628137745780000002', '6281377457800', '2581', '3', '4D', 0, '2021-05-12 03:10:46', 0),
('OM2021051100001', '628826288138800002', '6288262881388', '3789', '5', '4D', 0, '2021-05-12 03:10:46', 0),
('OM2021051100001', '628826288138800002', '6288262881388', '789', '5', '3D', 0, '2021-05-12 03:10:45', 0),
('OM2021051100001', '628826288138800002', '6288262881388', '627', '27', '3D', 0, '2021-05-12 03:10:45', 0),
('OM2021051100001', '628826288138800002', '6288262881388', '89', '10', '2D', 0, '2021-05-12 03:09:42', 0),
('OM2021051100001', '628826288138800002', '6288262881388', '98', '10', '2D', 0, '2021-05-12 03:09:42', 0),
('OM2021051100001', '628826288138800002', '6288262881388', '85', '10', '2D', 0, '2021-05-12 03:09:42', 0),
('OM2021051100001', '628826288138800002', '6288262881388', '58', '10', '2D', 0, '2021-05-12 03:09:42', 0),
('OM2021051100001', '628826288138800002', '6288262881388', '29', '10', '2D', 0, '2021-05-12 03:09:42', 0),
('OM2021051100001', '628826288138800002', '6288262881388', '92', '10', '2D', 0, '2021-05-12 03:09:42', 0),
('OM2021051100001', '628826288138800002', '6288262881388', '25', '10', '2D', 0, '2021-05-12 03:09:42', 0),
('OM2021051100001', '628826288138800002', '6288262881388', '52', '10', '2D', 0, '2021-05-12 03:09:42', 0),
('OM2021051100001', '628826288138800002', '6288262881388', '80', '15', '2D', 0, '2021-05-12 03:09:42', 0),
('OM2021051100001', '628826288138800002', '6288262881388', '08', '5', '2D', 0, '2021-05-12 03:09:42', 0),
('OM2021051100001', '628826288138800002', '6288262881388', '08', '5', '2D', 0, '2021-05-12 03:09:42', 0),
('OM2021051100001', '628826288138800002', '6288262881388', '80', '5', '2D', 0, '2021-05-12 03:09:42', 0),
('OM2021051100001', '628826288138800002', '6288262881388', '71', '04', '2D', 0, '2021-05-12 03:09:42', 0),
('OM2021051100001', '628826288138800002', '6288262881388', '92', '35', '2D', 0, '2021-05-12 03:09:42', 0),
('OM2021051100001', '628826288138800002', '6288262881388', '26', '62', '2D', 0, '2021-05-12 03:09:42', 0),
('OM2021051100001', '628826288138800002', '6288262881388', '72', '52', '2D', 0, '2021-05-12 03:09:42', 0),
('OM2021051100001', '628826288138800002', '6288262881388', '05', '89', '2D', 0, '2021-05-12 03:09:42', 0),
('OM2021051100001', '628826288138800002', '6288262881388', '20', '53', '2D', 0, '2021-05-12 03:09:42', 0),
('OM2021051100001', '628826288138800002', '6288262881388', '35', '02', '2D', 0, '2021-05-12 03:09:42', 0),
('OM2021051100001', '628826288138800002', '6288262881388', '20', '18', '2D', 0, '2021-05-12 03:09:42', 0),
('OM2021051100001', '628826288138800002', '6288262881388', '81', '21', '2D', 0, '2021-05-12 03:09:42', 0),
('OM2021051100001', '628826288138800002', '6288262881388', '12', '98', '2D', 0, '2021-05-12 03:09:42', 0),
('OM2021051100001', '628826288138800002', '6288262881388', '5', '4', 'CB', 0, '2021-05-12 02:48:37', 0),
('OM2021051100002', '628826288138800003', '6288262881388', '12', '3', '2D', 0, '2021-05-12 03:09:42', 0),
('OM2021051100002', '628826288138800003', '6288262881388', '71', '3', '2D', 0, '2021-05-12 03:09:42', 0),
('OM2021051100002', '628826288138800003', '6288262881388', '87', '2', '2D', 0, '2021-05-12 03:09:42', 0),
('OM2021051100002', '628826288138800003', '6288262881388', '50', '3', '2D', 0, '2021-05-12 03:09:42', 0),
('OM2021051100002', '628826288138800003', '6288262881388', '05', '3', '2D', 0, '2021-05-12 03:09:42', 0),
('OM2021051100002', '628826288138800003', '6288262881388', '78', '3', '2D', 0, '2021-05-12 03:09:42', 0),
('OM2021051100002', '628826288138800003', '6288262881388', '93', '2', '2D', 0, '2021-05-12 03:09:42', 0),
('OM2021051100002', '628826288138800003', '6288262881388', '25', '2', '2D', 0, '2021-05-12 03:09:42', 0),
('OM2021051100002', '628826288138800003', '6288262881388', '578', '3', '3D', 0, '2021-05-12 03:10:45', 0),
('OM2021051100002', '628826288138800003', '6288262881388', '793', '2', '3D', 0, '2021-05-12 03:10:45', 0),
('OM2021051100002', '628826288138800003', '6288262881388', '712', '2', '3D', 0, '2021-05-12 03:10:45', 0),
('OM2021051100002', '628826288138800003', '6288262881388', '3578', '2', '4D', 0, '2021-05-12 03:10:46', 0),
('OM2021051100003', '628826288138800004', '6288262881388', '97', '2', '2D', 0, '2021-05-12 03:09:42', 0),
('OM2021051100003', '628826288138800004', '6288262881388', '57', '3', '2D', 0, '2021-05-12 03:09:42', 0),
('OM2021051100003', '628826288138800004', '6288262881388', '35', '3', '2D', 0, '2021-05-12 03:09:42', 0),
('OM2021051100003', '628826288138800004', '6288262881388', '70', '3', '2D', 0, '2021-05-12 03:09:42', 0),
('OM2021051100003', '628826288138800004', '6288262881388', '14', '3', '2D', 0, '2021-05-12 03:09:42', 0),
('OM2021051100003', '628826288138800004', '6288262881388', '21', '3', '2D', 0, '2021-05-12 03:09:42', 0),
('OM2021051100003', '628826288138800004', '6288262881388', '357', '2', '3D', 0, '2021-05-12 03:10:45', 0),
('OM2021051100003', '628826288138800004', '6288262881388', '035', '2', '3D', 0, '2021-05-12 03:10:45', 0),
('OM2021051100003', '628826288138800004', '6288262881388', '370', '2', '3D', 0, '2021-05-12 03:10:45', 0),
('OM2021051100003', '628826288138800004', '6288262881388', '514', '2', '3D', 0, '2021-05-12 03:10:45', 0),
('OM2021051100003', '628826288138800004', '6288262881388', '021', '2', '3D', 0, '2021-05-12 03:10:45', 0),
('OM2021051100004', '628826288138800005', '6288262881388', '034', '2', '3D', 0, '2021-05-12 03:10:45', 0),
('OM2021051100004', '628826288138800005', '6288262881388', '581', '3', '3D', 0, '2021-05-12 03:10:45', 0),
('OM2021051100004', '628826288138800005', '6288262881388', '817', '2', '3D', 0, '2021-05-12 03:10:45', 0),
('OM2021051100004', '628826288138800005', '6288262881388', '144', '2', '3D', 0, '2021-05-12 03:10:45', 0),
('OM2021051100004', '628826288138800005', '6288262881388', '031', '2', '3D', 0, '2021-05-12 03:10:45', 0),
('OM2021051100004', '628826288138800005', '6288262881388', '161', '2', '3D', 0, '2021-05-12 03:10:45', 0),
('OM2021051100004', '628826288138800005', '6288262881388', '481', '2', '3D', 0, '2021-05-12 03:10:45', 0),
('OM2021051100004', '628826288138800005', '6288262881388', '350', '2', '3D', 0, '2021-05-12 03:10:45', 0),
('OM2021051100004', '628826288138800005', '6288262881388', '229', '2', '3D', 0, '2021-05-12 03:10:45', 0),
('OM2021051100004', '628826288138800005', '6288262881388', '34', '2', '2D', 0, '2021-05-12 03:09:42', 0),
('OM2021051100004', '628826288138800005', '6288262881388', '81', '4', '2D', 0, '2021-05-12 03:09:42', 0),
('OM2021051100004', '628826288138800005', '6288262881388', '17', '2', '2D', 0, '2021-05-12 03:09:42', 0),
('OM2021051100004', '628826288138800005', '6288262881388', '14', '2', '2D', 0, '2021-05-12 03:09:42', 0),
('OM2021051100004', '628826288138800005', '6288262881388', '81', '2', '2D', 0, '2021-05-12 03:09:42', 0),
('OM2021051100004', '628826288138800005', '6288262881388', '87', '2', '2D', 0, '2021-05-12 03:09:42', 0),
('OM2021051100004', '628826288138800005', '6288262881388', '30', '3', '2D', 0, '2021-05-12 03:09:42', 0),
('OM2021051100004', '628826288138800005', '6288262881388', '31', '3', '2D', 0, '2021-05-12 03:09:42', 0),
('OM2021051100004', '628826288138800005', '6288262881388', '61', '3', '2D', 0, '2021-05-12 03:09:42', 0),
('OM2021051100004', '628826288138800005', '6288262881388', '81', '3', '2D', 0, '2021-05-12 03:09:42', 0),
('OM2021051100004', '628826288138800005', '6288262881388', '44', '3', '2D', 0, '2021-05-12 03:09:42', 0),
('OM2021051100004', '628826288138800005', '6288262881388', '84', '2', '2D', 0, '2021-05-12 03:09:42', 0),
('OM2021051100004', '628826288138800005', '6288262881388', '39', '2', '2D', 0, '2021-05-12 03:09:42', 0),
('OM2021051100004', '628826288138800005', '6288262881388', '32', '3', '2D', 0, '2021-05-12 03:09:42', 0),
('OM2021051100004', '628826288138800005', '6288262881388', '50', '2', '2D', 0, '2021-05-12 03:09:42', 0),
('OM2021051100004', '628826288138800005', '6288262881388', '29', '2', '2D', 0, '2021-05-12 03:09:42', 0),
('OM2021051100004', '628826288138800005', '6288262881388', '19', '2', '2D', 0, '2021-05-12 03:09:42', 0),
('OM2021051100004', '628826288138800005', '6288262881388', '77', '2', '2D', 0, '2021-05-12 03:09:42', 0),
('OM2021051100004', '628826288138800005', '6288262881388', '34', '2', '2D', 0, '2021-05-12 03:09:42', 0),
('OM2021051100004', '628826288138800005', '6288262881388', '2581', '3', '4D', 0, '2021-05-12 03:10:46', 0),
('OM2021051100005', '628826288138800006', '6288262881388', '145', '3', '3D', 0, '2021-05-12 03:10:45', 0),
('OM2021051100005', '628826288138800006', '6288262881388', '751', '2', '3D', 0, '2021-05-12 03:10:45', 0),
('OM2021051100005', '628826288138800006', '6288262881388', '207', '2', '3D', 0, '2021-05-12 03:10:45', 0),
('OM2021051100005', '628826288138800006', '6288262881388', '261', '5', '3D', 0, '2021-05-12 03:10:45', 0),
('OM2021051100005', '628826288138800006', '6288262881388', '038', '3', '3D', 0, '2021-05-12 03:10:45', 0),
('OM2021051100005', '628826288138800006', '6288262881388', '45', '5', '2D', 0, '2021-05-12 03:09:42', 0),
('OM2021051100005', '628826288138800006', '6288262881388', '41', '2', '2D', 0, '2021-05-12 03:09:42', 0),
('OM2021051100005', '628826288138800006', '6288262881388', '51', '2', '2D', 0, '2021-05-12 03:09:42', 0),
('OM2021051100005', '628826288138800006', '6288262881388', '25', '2', '2D', 0, '2021-05-12 03:09:42', 0),
('OM2021051100005', '628826288138800006', '6288262881388', '26', '2', '2D', 0, '2021-05-12 03:09:42', 0),
('OM2021051100005', '628826288138800006', '6288262881388', '85', '2', '2D', 0, '2021-05-12 03:09:42', 0),
('OM2021051100005', '628826288138800006', '6288262881388', '87', '2', '2D', 0, '2021-05-12 03:09:42', 0),
('OM2021051100005', '628826288138800006', '6288262881388', '02', '2', '2D', 0, '2021-05-12 03:09:42', 0),
('OM2021051100005', '628826288138800006', '6288262881388', '08', '2', '2D', 0, '2021-05-12 03:09:42', 0),
('OM2021051100005', '628826288138800006', '6288262881388', '80', '2', '2D', 0, '2021-05-12 03:09:42', 0),
('OM2021051100005', '628826288138800006', '6288262881388', '61', '2', '2D', 0, '2021-05-12 03:09:42', 0),
('OM2021051100005', '628826288138800006', '6288262881388', '20', '4', '2D', 0, '2021-05-12 03:09:42', 0),
('OM2021051100005', '628826288138800006', '6288262881388', '81', '5', '2D', 0, '2021-05-12 03:09:42', 0),
('OM2021051100005', '628826288138800006', '6288262881388', '83', '5', '2D', 0, '2021-05-12 03:09:42', 0),
('OM2021051100005', '628826288138800006', '6288262881388', '84', '5', '2D', 0, '2021-05-12 03:09:42', 0),
('OM2021051100005', '628826288138800006', '6288262881388', '85', '5', '2D', 0, '2021-05-12 03:09:42', 0),
('OM2021051100005', '628826288138800006', '6288262881388', '08', '5', '2D', 0, '2021-05-12 03:09:42', 0),
('OM2021051100005', '628826288138800006', '6288262881388', '87', '5', '2D', 0, '2021-05-12 03:09:42', 0),
('OM2021051100005', '628826288138800006', '6288262881388', '98', '5', '2D', 0, '2021-05-12 03:09:42', 0),
('OM2021051100005', '628826288138800006', '6288262881388', '89', '5', '2D', 0, '2021-05-12 03:09:42', 0),
('OM2021051100005', '628826288138800006', '6288262881388', '07', '2', '2D', 0, '2021-05-12 03:09:42', 0),
('OM2021051100005', '628826288138800006', '6288262881388', '61', '8', '2D', 0, '2021-05-12 03:09:42', 0),
('OM2021051100005', '628826288138800006', '6288262881388', '08', '3', '2D', 0, '2021-05-12 03:09:42', 0),
('OM2021051100005', '628826288138800006', '6288262881388', '89', '2', '2D', 0, '2021-05-12 03:09:42', 0),
('OM2021051100005', '628826288138800006', '6288262881388', '23', '4', '2D', 0, '2021-05-12 03:09:42', 0),
('OM2021051100005', '628826288138800006', '6288262881388', '35', '5', '2D', 0, '2021-05-12 03:09:42', 0),
('OM2021051100005', '628826288138800006', '6288262881388', '87', '11', '2D', 0, '2021-05-12 03:09:42', 0),
('OM2021051100005', '628826288138800006', '6288262881388', '2207', '2', '4D', 0, '2021-05-12 03:10:46', 0),
('OM2021051100005', '628826288138800006', '6288262881388', '1038', '2', '4D', 0, '2021-05-12 03:10:46', 0),
('OM2021051100006', '628137745780000003', '6281377457800', '145', '3', '3D', 0, '2021-05-12 03:10:45', 0),
('OM2021051100006', '628137745780000003', '6281377457800', '751', '2', '3D', 0, '2021-05-12 03:10:45', 0),
('OM2021051100006', '628137745780000003', '6281377457800', '207', '2', '3D', 0, '2021-05-12 03:10:45', 0),
('OM2021051100006', '628137745780000003', '6281377457800', '261', '5', '3D', 0, '2021-05-12 03:10:45', 0),
('OM2021051100006', '628137745780000003', '6281377457800', '038', '3', '3D', 0, '2021-05-12 03:10:45', 0),
('OM2021051100006', '628137745780000003', '6281377457800', '45', '5', '2D', 0, '2021-05-12 03:09:42', 0),
('OM2021051100006', '628137745780000003', '6281377457800', '41', '2', '2D', 0, '2021-05-12 03:09:42', 0),
('OM2021051100006', '628137745780000003', '6281377457800', '51', '2', '2D', 0, '2021-05-12 03:09:42', 0),
('OM2021051100006', '628137745780000003', '6281377457800', '25', '2', '2D', 0, '2021-05-12 03:09:42', 0),
('OM2021051100006', '628137745780000003', '6281377457800', '26', '2', '2D', 0, '2021-05-12 03:09:42', 0),
('OM2021051100006', '628137745780000003', '6281377457800', '85', '2', '2D', 0, '2021-05-12 03:09:42', 0),
('OM2021051100006', '628137745780000003', '6281377457800', '87', '2', '2D', 0, '2021-05-12 03:09:42', 0),
('OM2021051100006', '628137745780000003', '6281377457800', '02', '2', '2D', 0, '2021-05-12 03:09:42', 0),
('OM2021051100006', '628137745780000003', '6281377457800', '08', '2', '2D', 0, '2021-05-12 03:09:42', 0),
('OM2021051100006', '628137745780000003', '6281377457800', '80', '2', '2D', 0, '2021-05-12 03:09:42', 0),
('OM2021051100006', '628137745780000003', '6281377457800', '61', '2', '2D', 0, '2021-05-12 03:09:42', 0),
('OM2021051100006', '628137745780000003', '6281377457800', '20', '4', '2D', 0, '2021-05-12 03:09:42', 0),
('OM2021051100006', '628137745780000003', '6281377457800', '81', '5', '2D', 0, '2021-05-12 03:09:42', 0),
('OM2021051100006', '628137745780000003', '6281377457800', '83', '5', '2D', 0, '2021-05-12 03:09:42', 0),
('OM2021051100006', '628137745780000003', '6281377457800', '84', '5', '2D', 0, '2021-05-12 03:09:42', 0),
('OM2021051100006', '628137745780000003', '6281377457800', '85', '5', '2D', 0, '2021-05-12 03:09:42', 0),
('OM2021051100006', '628137745780000003', '6281377457800', '08', '5', '2D', 0, '2021-05-12 03:09:42', 0),
('OM2021051100006', '628137745780000003', '6281377457800', '87', '5', '2D', 0, '2021-05-12 03:09:42', 0),
('OM2021051100006', '628137745780000003', '6281377457800', '98', '5', '2D', 0, '2021-05-12 03:09:42', 0),
('OM2021051100006', '628137745780000003', '6281377457800', '89', '5', '2D', 0, '2021-05-12 03:09:42', 0),
('OM2021051100006', '628137745780000003', '6281377457800', '07', '2', '2D', 0, '2021-05-12 03:09:42', 0),
('OM2021051100006', '628137745780000003', '6281377457800', '61', '8', '2D', 0, '2021-05-12 03:09:42', 0),
('OM2021051100006', '628137745780000003', '6281377457800', '08', '3', '2D', 0, '2021-05-12 03:09:42', 0),
('OM2021051100006', '628137745780000003', '6281377457800', '89', '2', '2D', 0, '2021-05-12 03:09:42', 0),
('OM2021051100006', '628137745780000003', '6281377457800', '23', '4', '2D', 0, '2021-05-12 03:09:42', 0),
('OM2021051100006', '628137745780000003', '6281377457800', '35', '5', '2D', 0, '2021-05-12 03:09:42', 0),
('OM2021051100006', '628137745780000003', '6281377457800', '87', '11', '2D', 0, '2021-05-12 03:09:42', 0),
('OM2021051100006', '628137745780000003', '6281377457800', '2207', '2', '4D', 0, '2021-05-12 03:10:46', 0),
('OM2021051100006', '628137745780000003', '6281377457800', '1038', '2', '4D', 0, '2021-05-12 03:10:46', 0);

-- --------------------------------------------------------

--
-- Struktur dari tabel `permission`
--

CREATE TABLE `permission` (
  `id` int(11) NOT NULL,
  `role` int(11) NOT NULL,
  `menu` int(11) NOT NULL,
  `action` int(11) NOT NULL,
  `status` int(11) NOT NULL,
  `create_date` datetime NOT NULL DEFAULT CURRENT_TIMESTAMP ON UPDATE CURRENT_TIMESTAMP,
  `creator` varchar(30) NOT NULL
) ENGINE=InnoDB DEFAULT CHARSET=latin1;

--
-- Dumping data untuk tabel `permission`
--

INSERT INTO `permission` (`id`, `role`, `menu`, `action`, `status`, `create_date`, `creator`) VALUES
(1, 3, 16, 0, 0, '2021-02-03 14:02:57', ''),
(2, 3, 24, 0, 0, '2021-02-04 06:39:38', ''),
(3, 4, 40, 0, 0, '2021-02-04 06:40:42', '');

-- --------------------------------------------------------

--
-- Struktur dari tabel `pesan`
--

CREATE TABLE `pesan` (
  `id` varchar(30) NOT NULL,
  `kontak` varchar(30) NOT NULL,
  `id_whatsapp` varchar(50) NOT NULL,
  `name` text NOT NULL,
  `process_date` date NOT NULL,
  `m_status` int(11) NOT NULL,
  `create_date` datetime NOT NULL DEFAULT CURRENT_TIMESTAMP ON UPDATE CURRENT_TIMESTAMP,
  `creator` varchar(30) NOT NULL,
  `status` int(11) NOT NULL
) ENGINE=InnoDB DEFAULT CHARSET=latin1;

--
-- Dumping data untuk tabel `pesan`
--

INSERT INTO `pesan` (`id`, `kontak`, `id_whatsapp`, `name`, `process_date`, `m_status`, `create_date`, `creator`, `status`) VALUES
('628137745780000001', '6281377457800', '6281377457800', '98x10.48.46x10.25x10.13.19x3.68x2.58x35. 1803x2.803x3.03x5. 0318x2.318x3.18x5. 33.34.32.43x3. 23.01.10x2.63x4. 16x3.', '2021-05-07', 1, '2021-05-07 06:21:15', 'carollousdc', 0),
('628137745780000002', '6281377457800', '6281377457800', '12.71.x3.87.x2.50.05.78.578.x3.3578.793.93.712.25.x2. 97.x2.357.035.370.514.021.x2.57.35.70.14.21.x3. 034x2.34x2.2581x3.581x3.81x4.817x2.17x2.14x2.81x2.87x2.30x3.31x3.61x3.81x3.44x3.84x2.39x2.32x3.144x2.031x2.161x2.481x2.350x2.50x2.229x2.29x2.19x2.77x2.34x2.', '2021-05-07', 1, '2021-05-07 11:13:21', 'carollousdc', 0),
('628137745780000003', '6281377457800', '6281377457800', '145x3..45x5.41.751.51.25.26.85.87.02.08.80.61x2..20x4..81.83.84.85.08.87.98.89x5..2207.207.07x2..261x5..61x8..08x3..89x2..23x4..1038x2..038x3..35x5..87x11.', '2021-05-11', 1, '2021-05-12 02:50:54', 'carollousdc', 0),
('628826288138800001', '6288262881388', '6281377457800', '96x10. 39x10. 98x10. 07.70.90.09.30.03.26.61x3. 72.67.68x3. 51.62.87.83.38.51.15.33.53.60.80x2.61.63.86.58.78.75.57x2. 57x20.37x20.27.71.98x10.88.38x5.53x10. ', '2021-05-07', 1, '2021-05-07 05:38:42', 'carollousdc', 0),
('628826288138800002', '6288262881388', '6281377457800', 'CB5x4. cb2x5. 71.04.92.35.26x2,.62.72.52.05.89x6,.20.53.35.02.20.18.81.21.627x2,.27x3,.12x8,.98.48x5,.\r\n3789.789x5..89..98..85..58..29..92..25..52x10..80x15.08x5.08x5.80x5.', '2021-05-11', 1, '2021-05-12 02:48:37', 'carollousdc', 0),
('628826288138800003', '6288262881388', '6281377457800', '12.71.x3.87.x2.50.05.78.578.x3.3578.793.93.712.25.x2.', '2021-05-11', 1, '2021-05-12 02:49:31', 'carollousdc', 0),
('628826288138800004', '6288262881388', '6281377457800', '97.x2.357.035.370.514.021.x2.57.35.70.14.21.x3.', '2021-05-11', 1, '2021-05-12 02:49:54', 'carollousdc', 0),
('628826288138800005', '6288262881388', '6281377457800', '034x2.34x2.2581x3.581x3.81x4.817x2.17x2.14x2.81x2.87x2.30x3.31x3.61x3.81x3.44x3.84x2.39x2.32x3.144x2.031x2.161x2.481x2.350x2.50x2.229x2.29x2.19x2.77x2.34x2.', '2021-05-11', 1, '2021-05-12 02:50:02', 'carollousdc', 0),
('628826288138800006', '6288262881388', '6281377457800', '145x3..45x5.41.751.51.25.26.85.87.02.08.80.61x2..20x4..81.83.84.85.08.87.98.89x5..2207.207.07x2..261x5..61x8..08x3..89x2..23x4..1038x2..038x3..35x5..87x11. ', '2021-05-11', 1, '2021-05-12 02:50:13', 'carollousdc', 0),
('628960786473700001', '6289607864737', '6281377457800', '12.71.x3.87.x2.50.05.78.578.x3.3578.793.93.712.25.x2. 97.x2.357.035.370.514.021.x2.57.35.70.14.21.x3. 034x2.34x2.2581x3.581x3.81x4.817x2.17x2.14x2.81x2.87x2.30x3.31x3.61x3.81x3.44x3.84x2.39x2.32x3.144x2.031x2.161x2.481x2.350x2.50x2.229x2.29x2.19x2.77x2.34x2.', '2021-05-07', 1, '2021-05-07 06:22:20', 'carollousdc', 0);

-- --------------------------------------------------------

--
-- Struktur dari tabel `pesan_detail`
--

CREATE TABLE `pesan_detail` (
  `id` varchar(30) NOT NULL,
  `name` text NOT NULL,
  `kontak` varchar(30) NOT NULL,
  `create_date` datetime NOT NULL DEFAULT CURRENT_TIMESTAMP ON UPDATE CURRENT_TIMESTAMP,
  `m_status` int(11) NOT NULL,
  `creator` varchar(30) NOT NULL,
  `status` int(11) NOT NULL
) ENGINE=InnoDB DEFAULT CHARSET=latin1;

--
-- Dumping data untuk tabel `pesan_detail`
--

INSERT INTO `pesan_detail` (`id`, `name`, `kontak`, `create_date`, `m_status`, `creator`, `status`) VALUES
('628826288138800001', '96x10. 39x10. 98x10. 07.70.90.09.30.03.26.61x3. 72.67.68x3. 51.62.87.83.38.51.15.33.53.60.80x2.61.63.86.58.78.75.57x2. 57x20.37x20.27.71.98x10.88.38x5.53x10. ', '6288262881388', '2021-05-07 05:38:42', 1, '', 0),
('628137745780000001', '98x10.48.46x10.25x10.13.19x3.68x2.58x35. 1803x2.803x3.03x5. 0318x2.318x3.18x5. 33.34.32.43x3. 23.01.10x2.63x4. 16x3.', '6281377457800', '2021-05-07 06:21:16', 1, '', 0),
('628960786473700001', '12.71.x3.87.x2.50.05.78.578.x3.3578.793.93.712.25.x2. 97.x2.357.035.370.514.021.x2.57.35.70.14.21.x3. 034x2.34x2.2581x3.581x3.81x4.817x2.17x2.14x2.81x2.87x2.30x3.31x3.61x3.81x3.44x3.84x2.39x2.32x3.144x2.031x2.161x2.481x2.350x2.50x2.229x2.29x2.19x2.77x2.34x2.', '6289607864737', '2021-05-07 06:22:20', 1, '', 0),
('628137745780000002', '12.71.x3.87.x2.50.05.78.578.x3.3578.793.93.712.25.x2. 97.x2.357.035.370.514.021.x2.57.35.70.14.21.x3. 034x2.34x2.2581x3.581x3.81x4.817x2.17x2.14x2.81x2.87x2.30x3.31x3.61x3.81x3.44x3.84x2.39x2.32x3.144x2.031x2.161x2.481x2.350x2.50x2.229x2.29x2.19x2.77x2.34x2.', '6281377457800', '2021-05-07 11:13:21', 1, '', 0),
('628826288138800002', 'CB5x4. cb2x5. 71.04.92.35.26x2,.62.72.52.05.89x6,.20.53.35.02.20.18.81.21.627x2,.27x3,.12x8,.98.48x5,.\r\n3789.789x5..89..98..85..58..29..92..25..52x10..80x15.08x5.08x5.80x5.', '6288262881388', '2021-05-12 02:48:37', 1, '', 0),
('628826288138800003', '12.71.x3.87.x2.50.05.78.578.x3.3578.793.93.712.25.x2.', '6288262881388', '2021-05-12 02:49:32', 1, '', 0),
('628826288138800004', '97.x2.357.035.370.514.021.x2.57.35.70.14.21.x3.', '6288262881388', '2021-05-12 02:49:54', 1, '', 0),
('628826288138800005', '034x2.34x2.2581x3.581x3.81x4.817x2.17x2.14x2.81x2.87x2.30x3.31x3.61x3.81x3.44x3.84x2.39x2.32x3.144x2.031x2.161x2.481x2.350x2.50x2.229x2.29x2.19x2.77x2.34x2.', '6288262881388', '2021-05-12 02:50:02', 1, '', 0),
('628826288138800006', '145x3..45x5.41.751.51.25.26.85.87.02.08.80.61x2..20x4..81.83.84.85.08.87.98.89x5..2207.207.07x2..261x5..61x8..08x3..89x2..23x4..1038x2..038x3..35x5..87x11. ', '6288262881388', '2021-05-12 02:50:13', 1, '', 0),
('628137745780000003', '145x3..45x5.41.751.51.25.26.85.87.02.08.80.61x2..20x4..81.83.84.85.08.87.98.89x5..2207.207.07x2..261x5..61x8..08x3..89x2..23x4..1038x2..038x3..35x5..87x11.', '6281377457800', '2021-05-12 02:50:54', 1, '', 0);

-- --------------------------------------------------------

--
-- Struktur dari tabel `result`
--

CREATE TABLE `result` (
  `id` varchar(30) NOT NULL,
  `name` varchar(10) NOT NULL,
  `id_whatsapp` varchar(30) NOT NULL,
  `date` date NOT NULL,
  `create_date` datetime NOT NULL DEFAULT CURRENT_TIMESTAMP ON UPDATE CURRENT_TIMESTAMP,
  `status` int(11) NOT NULL,
  `creator` varchar(30) NOT NULL
) ENGINE=InnoDB DEFAULT CHARSET=latin1;

-- --------------------------------------------------------

--
-- Struktur dari tabel `result_detail`
--

CREATE TABLE `result_detail` (
  `id` varchar(30) NOT NULL,
  `keypesan` varchar(30) NOT NULL,
  `kontak` varchar(30) NOT NULL,
  `angka` varchar(10) NOT NULL,
  `hasil` varchar(10) NOT NULL,
  `format` varchar(10) NOT NULL,
  `status` int(11) NOT NULL,
  `create_date` datetime NOT NULL DEFAULT CURRENT_TIMESTAMP ON UPDATE CURRENT_TIMESTAMP,
  `creator` int(11) NOT NULL
) ENGINE=InnoDB DEFAULT CHARSET=latin1;

-- --------------------------------------------------------

--
-- Struktur dari tabel `role`
--

CREATE TABLE `role` (
  `id` int(11) NOT NULL,
  `name` varchar(50) NOT NULL,
  `keterangan` text NOT NULL,
  `status` int(11) NOT NULL,
  `create_date` datetime NOT NULL DEFAULT CURRENT_TIMESTAMP ON UPDATE CURRENT_TIMESTAMP,
  `creator` varchar(30) NOT NULL
) ENGINE=InnoDB DEFAULT CHARSET=latin1;

--
-- Dumping data untuk tabel `role`
--

INSERT INTO `role` (`id`, `name`, `keterangan`, `status`, `create_date`, `creator`) VALUES
(1, 'Admin', 'Full access control dashboard.', 0, '2021-02-03 14:02:42', '');

-- --------------------------------------------------------

--
-- Struktur dari tabel `tipe`
--

CREATE TABLE `tipe` (
  `id` varchar(30) NOT NULL,
  `name` varchar(100) NOT NULL,
  `fieldname` varchar(50) NOT NULL,
  `role` varchar(30) NOT NULL,
  `status` int(11) NOT NULL,
  `create_date` datetime NOT NULL DEFAULT CURRENT_TIMESTAMP ON UPDATE CURRENT_TIMESTAMP,
  `creator` varchar(30) NOT NULL
) ENGINE=InnoDB DEFAULT CHARSET=latin1;

--
-- Dumping data untuk tabel `tipe`
--

INSERT INTO `tipe` (`id`, `name`, `fieldname`, `role`, `status`, `create_date`, `creator`) VALUES
('Tip00001', 'Fixed Cost', 'tipe', 'pengeluaran', 0, '2021-01-28 05:26:00', ''),
('Tip00002', 'Cooker', 'jabatan', 'karyawan', 0, '2021-01-28 05:27:02', ''),
('Tip00003', 'Cashier', 'jabatan', 'karyawan', 0, '2021-01-28 05:27:11', ''),
('Tip00004', 'Cleaning Service', 'jabatan', 'karyawan', 0, '2021-01-28 05:27:31', ''),
('Tip00005', 'Master Menu', 'tipe', 'navigation', 0, '2021-01-28 06:16:26', ''),
('Tip00006', 'Root', 'tipe', 'navigation', 0, '2021-01-28 06:16:33', ''),
('Tip00007', 'Single', 'tipe', 'navigation', 0, '2021-01-28 06:16:38', ''),
('Tip00008', 'Operational Cost', 'tipe', 'pengeluaran', 0, '2021-01-28 13:30:42', '');

-- --------------------------------------------------------

--
-- Struktur dari tabel `user`
--

CREATE TABLE `user` (
  `id` varchar(25) NOT NULL,
  `id_whatsapp` varchar(30) NOT NULL,
  `email` varchar(25) NOT NULL,
  `firstname` varchar(25) NOT NULL,
  `lastname` varchar(25) NOT NULL,
  `gender` int(11) NOT NULL,
  `password` varchar(250) NOT NULL,
  `role` int(11) NOT NULL,
  `notification` int(11) NOT NULL,
  `picture` varchar(100) NOT NULL,
  `creator` varchar(30) NOT NULL,
  `last_login` datetime DEFAULT CURRENT_TIMESTAMP ON UPDATE CURRENT_TIMESTAMP,
  `is_active` tinyint(1) DEFAULT NULL,
  `status` int(11) NOT NULL
) ENGINE=InnoDB DEFAULT CHARSET=latin1;

--
-- Dumping data untuk tabel `user`
--

INSERT INTO `user` (`id`, `id_whatsapp`, `email`, `firstname`, `lastname`, `gender`, `password`, `role`, `notification`, `picture`, `creator`, `last_login`, `is_active`, `status`) VALUES
('carollousdc', '6281377457800', 'carollousdc@gmail.com', 'Carollous', 'Dachi', 0, '$2y$09$TZoHGO4c3WjjtQbYGGolM.CcgAfQJCkFHDQ556GCF0IwOpx5U8206', 1, 0, 'download.png', '', '2021-05-04 14:54:07', NULL, 0),
('opyoga', '6281377457800', 'opyogga@wa.app', 'OP', 'Yogga', 0, '$2y$09$1nn85PZRz.Yj5rQp.3pDuOYyKDXrfYXOwEG/iQ/CogoGnB3dQ53Ri', 1, 0, 'download.png', 'carollousdc', '2021-05-05 01:25:17', NULL, 0);

--
-- Indexes for dumped tables
--

--
-- Indeks untuk tabel `create`
--
ALTER TABLE `create`
  ADD PRIMARY KEY (`id`);

--
-- Indeks untuk tabel `dashboard`
--
ALTER TABLE `dashboard`
  ADD PRIMARY KEY (`id`);

--
-- Indeks untuk tabel `kirim`
--
ALTER TABLE `kirim`
  ADD PRIMARY KEY (`id`);

--
-- Indeks untuk tabel `kontak`
--
ALTER TABLE `kontak`
  ADD PRIMARY KEY (`id`);

--
-- Indeks untuk tabel `navigation`
--
ALTER TABLE `navigation`
  ADD PRIMARY KEY (`id`);

--
-- Indeks untuk tabel `omset`
--
ALTER TABLE `omset`
  ADD PRIMARY KEY (`id`);

--
-- Indeks untuk tabel `permission`
--
ALTER TABLE `permission`
  ADD PRIMARY KEY (`id`);

--
-- Indeks untuk tabel `pesan`
--
ALTER TABLE `pesan`
  ADD PRIMARY KEY (`id`);

--
-- Indeks untuk tabel `result`
--
ALTER TABLE `result`
  ADD PRIMARY KEY (`id`);

--
-- Indeks untuk tabel `role`
--
ALTER TABLE `role`
  ADD PRIMARY KEY (`id`);

--
-- Indeks untuk tabel `tipe`
--
ALTER TABLE `tipe`
  ADD PRIMARY KEY (`id`);

--
-- Indeks untuk tabel `user`
--
ALTER TABLE `user`
  ADD PRIMARY KEY (`id`);

--
-- AUTO_INCREMENT untuk tabel yang dibuang
--

--
-- AUTO_INCREMENT untuk tabel `create`
--
ALTER TABLE `create`
  MODIFY `id` int(11) NOT NULL AUTO_INCREMENT, AUTO_INCREMENT=31;

--
-- AUTO_INCREMENT untuk tabel `kirim`
--
ALTER TABLE `kirim`
  MODIFY `id` int(11) NOT NULL AUTO_INCREMENT, AUTO_INCREMENT=49;

--
-- AUTO_INCREMENT untuk tabel `kontak`
--
ALTER TABLE `kontak`
  MODIFY `id` int(11) NOT NULL AUTO_INCREMENT, AUTO_INCREMENT=20;

--
-- AUTO_INCREMENT untuk tabel `navigation`
--
ALTER TABLE `navigation`
  MODIFY `id` int(11) NOT NULL AUTO_INCREMENT, AUTO_INCREMENT=58;

--
-- AUTO_INCREMENT untuk tabel `permission`
--
ALTER TABLE `permission`
  MODIFY `id` int(11) NOT NULL AUTO_INCREMENT, AUTO_INCREMENT=4;

--
-- AUTO_INCREMENT untuk tabel `role`
--
ALTER TABLE `role`
  MODIFY `id` int(11) NOT NULL AUTO_INCREMENT, AUTO_INCREMENT=2;
COMMIT;

/*!40101 SET CHARACTER_SET_CLIENT=@OLD_CHARACTER_SET_CLIENT */;
/*!40101 SET CHARACTER_SET_RESULTS=@OLD_CHARACTER_SET_RESULTS */;
/*!40101 SET COLLATION_CONNECTION=@OLD_COLLATION_CONNECTION */;
